region,suppliers,avg_compliance,avg_otif,total_penalty_usd,critical_suppliers
APAC-China,17,0.9229705882352941,0.9887,570507.88,0
EMEA-Europe,22,0.9064318181818183,0.9916499999999999,666814.4,1
NA-Central,24,0.8636875,0.9817208333333333,1030616.5499999999,7
NA-East,23,0.8209173913043478,0.9805304347826087,1255193.59,11
NA-West,34,0.9007529411764705,0.9879588235294118,1210703.23,5
